transcript_id,comparison_id,category,manual_action_ids,official_action_text,final_gold_action_ids,decision_reason,adjudicated_at
ES2003a,ES2003a-C001,official_only,,The team will decide how the user interface will work,ES2003a-A002,The official summary identifies a task absent from the initial labels; transcript turn T0082 supports the added gold action.,2026-09-27T20:53:12+08:00
ES2003b,ES2003b-C002,manual_only,ES2003b-A001,*NA*,ES2003b-A001,"The official summary is NA, but the locked manual action is retained because T0216 contains a clear first-person commitment.",2026-09-27T20:53:12+08:00
ES2003c,ES2003c-C003,official_only,,The industrial designer and user interface designer will work on a prototype.,ES2003c-A003,The joint clay-prototype action was retained after the transcript evidence was expanded to identify the joint design work and the prototype material.,2026-09-27T20:53:12+08:00
ES2003c,ES2003c-C004,official_only,,The marketing expert will work on a product evaluation,ES2003c-A002,The product-evaluation action was retained after the transcript evidence was expanded to define the planning task and show the Marketing Expert's acceptance.,2026-09-27T20:53:12+08:00
ES2004a,ES2004a-C005,official_only,,The group will prepare for the functional design meeting to discuss the components and functions of the product.,ES2004a-A001,The official-only cue is narrowed to general individual role work because T0222 does not support a more specific functional-design deliverable.,2026-09-27T20:53:12+08:00
ES2004b,ES2004b-C006,match,ES2004b-A002,The Marketing Expert will research consumers' opinions on instruction manuals.,ES2004b-A002,Compared with the locked manual labels and exact transcript evidence; matched items were retained and supported omissions were added.,2026-09-27T20:53:12+08:00
ES2004c,ES2004c-C007,manual_only,ES2004c-A001; ES2004c-A002,,ES2004c-A001; ES2004c-A002,Retained because each manual item has exact transcript evidence; the official summary is not exhaustive.,2026-09-27T20:53:12+08:00
ES2004d,ES2004d-C008,official_only,,The group will suggest to the management that speech recognition remain in the product design.,ES2004d-A001,Retained as an implicit team action and narrowed to including the agreed voice-recognition option in the team recommendations; a separate management submission is not stated.,2026-09-27T20:53:12+08:00
ES2004d,ES2004d-C009,scope_disagreement,,All members will fill out a final evaluation questionnaire.,,"The official summary treats the questionnaire as future work, but the transcript does not establish a remaining team obligation and one participant states it is done.",2026-09-27T20:53:12+08:00
ES2014a,ES2014a-C010,official_only,,The Industrial Deigner will prepare the working design.,ES2014a-A002,Compared with the locked manual labels and exact transcript evidence; matched items were retained and supported omissions were added.,2026-09-27T20:53:12+08:00
ES2014a,ES2014a-C011,official_only,,The User Interface Designer will research technical functions.,ES2014a-A003,"Retained with task wording aligned to the transcript: prepare the technical-functions design, rather than explicitly research it.",2026-09-27T20:53:12+08:00
ES2014a,ES2014a-C012,official_only,,The Marketing Expert will prepare the user requirement specification.,ES2014a-A004,Compared with the locked manual labels and exact transcript evidence; matched items were retained and supported omissions were added.,2026-09-27T20:53:12+08:00
ES2014b,ES2014b-C013,official_only,,All participants will continue working on the remote functions.,ES2014b-A002,"Retained as an implicit team task because the group agrees to investigate unresolved audio and Dolby controls, but no individual accepts sole ownership.",2026-09-27T20:53:12+08:00
ES2014c,ES2014c-C014,match,ES2014c-A002,The User Interface Designer and the Industrial Designer will construct the prototype.,ES2014c-A002,Compared with the locked manual labels and exact transcript evidence; matched items were retained and supported omissions were added.,2026-09-27T20:53:12+08:00
ES2014d,ES2014d-C015,official_only,,The team have two questionnaires and a report on the last meeting to complete before they finish.,ES2014d-A001,Compared with the locked manual labels and exact transcript evidence; matched items were retained and supported omissions were added.,2026-09-27T20:53:12+08:00
IS1009a,IS1009a-C016,official_only,,The industrial designer will work on the working design and technical function.,IS1009a-A002,Compared with the locked manual labels and exact transcript evidence; matched items were retained and supported omissions were added.,2026-09-27T20:53:12+08:00
IS1009a,IS1009a-C017,official_only,,The interface specialist will do the working design and functional design.,IS1009a-A003,Retained with task wording aligned to the direct assignment of the functional and technical-functions design to the User Interface Designer.,2026-09-27T20:53:12+08:00
IS1009a,IS1009a-C018,official_only,,The marketing manager will look for user requirement specifications such as friendliness,IS1009a-A004,Compared with the locked manual labels and exact transcript evidence; matched items were retained and supported omissions were added.,2026-09-27T20:53:12+08:00
IS1009b,IS1009b-C019,match,,*NA*,,Both the official summary and the complete transcript review support zero eligible follow-up actions.,2026-09-27T20:53:12+08:00
IS1009c,IS1009c-C020,match,IS1009c-A003,The marketing expert will do the product evaluation.,IS1009c-A003,Compared with the locked manual labels and exact transcript evidence; matched items were retained and supported omissions were added.,2026-09-27T20:53:12+08:00
IS1009c,IS1009c-C021,match,IS1009c-A004,The industrial designer and interface specialist will work together on a prototype using modeling clay.,IS1009c-A004,Compared with the locked manual labels and exact transcript evidence; matched items were retained and supported omissions were added.,2026-09-27T20:53:12+08:00
IS1009c,IS1009c-C022,scope_disagreement,IS1009c-A002,The industrial designer will come up with a user interface design.,IS1009c-A002,"The official summary assigns user-interface design to the Industrial Designer, while direct transcript evidence assigns it to the User Interface Designer; the transcript-supported owner is retained.",2026-09-27T20:53:12+08:00
IS1009c,IS1009c-C023,scope_disagreement,,Their coaches will send specific instructions and answer questions.,,The coaches are external actors and their promised instructions fall outside the participant follow-up-action scope.,2026-09-27T20:53:12+08:00
IS1009d,IS1009d-C024,match,,*NA*,,Both the official summary and the complete transcript review support zero eligible follow-up actions.,2026-09-27T20:53:12+08:00
TS3003a,TS3003a-C025,official_only,,The team members will work on their individual projects,TS3003a-A002,Compared with the locked manual labels and exact transcript evidence; matched items were retained and supported omissions were added.,2026-09-27T20:53:12+08:00
TS3003b,TS3003b-C026,match,TS3003b-A002,The industrial designer will work on the components concept.,TS3003b-A002,Compared with the locked manual labels and exact transcript evidence; matched items were retained and supported omissions were added.,2026-09-27T20:53:12+08:00
TS3003b,TS3003b-C027,match,TS3003b-A003,The user interface designer will work on the user interface concept and trend-watching,TS3003b-A003,Compared with the locked manual labels and exact transcript evidence; matched items were retained and supported omissions were added.,2026-09-27T20:53:12+08:00
TS3003c,TS3003c-C028,scope_disagreement,TS3003c-A003,The team members will look at the corporate website.,TS3003c-A003,The website check is supporting guidance inside the joint design assignment and is merged into TS3003c-A003 rather than counted separately.,2026-09-27T20:53:12+08:00
TS3003c,TS3003c-C029,match,TS3003c-A003,The user interface designer will continue with what he has been working on.,TS3003c-A003,The transcript-supported joint design work remains in TS3003c-A003; the optional website suggestion is not counted separately.,2026-09-27T20:53:12+08:00
TS3003c,TS3003c-C030,match,TS3003c-A003,The industrial designer and user interface designer will work together,TS3003c-A003,The transcript-supported joint design work remains in TS3003c-A003; the optional website suggestion is not counted separately.,2026-09-27T20:53:12+08:00
TS3003d,TS3003d-C031,match,TS3003d-A001; TS3003d-A002,"The project manager will prepare the final presentation, while the rest of the group will fill in a questionnaire.",TS3003d-A001; TS3003d-A002,Compared with the locked manual labels and exact transcript evidence; matched items were retained and supported omissions were added.,2026-09-27T20:53:12+08:00
TS3007a,TS3007a-C032,match,TS3007a-A001,The Industrial Designer will work on the working design.,TS3007a-A001,Compared with the locked manual labels and exact transcript evidence; matched items were retained and supported omissions were added.,2026-09-27T20:53:12+08:00
TS3007a,TS3007a-C033,match,TS3007a-A002,The User Interface Designer will research the technical functions.,TS3007a-A002,Compared with the locked manual labels and exact transcript evidence; matched items were retained and supported omissions were added.,2026-09-27T20:53:12+08:00
TS3007b,TS3007b-C034,scope_disagreement,,They will receive specific instructions for the next meeting by email.,,"Receiving instructions by email is a passive event performed by an external coach, not a participant-owned follow-up action.",2026-09-27T20:53:12+08:00
TS3007b,TS3007b-C035,match,TS3007b-A002,They will fill out the questionaire,TS3007b-A002,Compared with the locked manual labels and exact transcript evidence; matched items were retained and supported omissions were added.,2026-09-27T20:53:12+08:00
TS3007c,TS3007c-C036,match,TS3007c-A003; TS3007c-A004,"The industrial designer and user interface designer will work together on a prototype, using the SMARTboard. The marketing expert will work on the product evaluation.",TS3007c-A003; TS3007c-A004,Compared with the locked manual labels and exact transcript evidence; matched items were retained and supported omissions were added.,2026-09-27T20:53:12+08:00
TS3007d,TS3007d-C037,match,TS3007d-A002,The project manager will finish the final report.,TS3007d-A002,Compared with the locked manual labels and exact transcript evidence; matched items were retained and supported omissions were added.,2026-09-27T20:53:12+08:00
ES2003a,ES2003a-M001,manual_only,ES2003a-A001,,ES2003a-A001,Retained because the locked manual action has direct transcript evidence and the official summary is not exhaustive.,2026-09-27T20:53:12+08:00
ES2003c,ES2003c-M001,manual_only,ES2003c-A001,,ES2003c-A001,Retained because the locked manual action has direct transcript evidence and the official summary is not exhaustive.,2026-09-27T20:53:12+08:00
ES2004b,ES2004b-M001,manual_only,ES2004b-A001,,ES2004b-A001,Retained because the locked manual action has direct transcript evidence and the official summary is not exhaustive.,2026-09-27T20:53:12+08:00
ES2014a,ES2014a-M001,manual_only,ES2014a-A001,,ES2014a-A001,Retained because the locked manual action has direct transcript evidence and the official summary is not exhaustive.,2026-09-27T20:53:12+08:00
ES2014b,ES2014b-M001,manual_only,ES2014b-A001,,ES2014b-A001,Retained because the locked manual action has direct transcript evidence and the official summary is not exhaustive.,2026-09-27T20:53:12+08:00
ES2014c,ES2014c-M001,manual_only,ES2014c-A001,,ES2014c-A001,Retained because the locked manual action has direct transcript evidence and the official summary is not exhaustive.,2026-09-27T20:53:12+08:00
IS1009a,IS1009a-M001,manual_only,IS1009a-A001,,IS1009a-A001,Retained because the locked manual action has direct transcript evidence and the official summary is not exhaustive.,2026-09-27T20:53:12+08:00
IS1009c,IS1009c-M001,manual_only,IS1009c-A001,,IS1009c-A001,Retained because the locked manual action has direct transcript evidence and the official summary is not exhaustive.,2026-09-27T20:53:12+08:00
TS3003a,TS3003a-M001,manual_only,TS3003a-A001,,TS3003a-A001,Retained because the locked manual action has direct transcript evidence and the official summary is not exhaustive.,2026-09-27T20:53:12+08:00
TS3003b,TS3003b-M001,manual_only,TS3003b-A001; TS3003b-A004,,TS3003b-A001; TS3003b-A004,Retained because the locked manual action has direct transcript evidence and the official summary is not exhaustive.,2026-09-27T20:53:12+08:00
TS3003c,TS3003c-M001,manual_only,TS3003c-A001; TS3003c-A002,,TS3003c-A001; TS3003c-A002,Retained because the locked manual action has direct transcript evidence and the official summary is not exhaustive.,2026-09-27T20:53:12+08:00
TS3007a,TS3007a-M001,manual_only,TS3007a-A003,,TS3007a-A003,Retained because the locked manual action has direct transcript evidence and the official summary is not exhaustive.,2026-09-27T20:53:12+08:00
TS3007b,TS3007b-M001,manual_only,TS3007b-A001,,TS3007b-A001,Retained because the locked manual action has direct transcript evidence and the official summary is not exhaustive.,2026-09-27T20:53:12+08:00
TS3007c,TS3007c-M001,manual_only,TS3007c-A001; TS3007c-A002,,TS3007c-A001; TS3007c-A002,Retained because the locked manual action has direct transcript evidence and the official summary is not exhaustive.,2026-09-27T20:53:12+08:00
TS3007d,TS3007d-M001,manual_only,TS3007d-A001,,TS3007d-A001,Retained because the locked manual action has direct transcript evidence and the official summary is not exhaustive.,2026-09-27T20:53:12+08:00
