transcript_id,action_id,task,owner,deadline_text,deadline_normalized,evidence_text,evidence_ids,explicitness,notes,label_status,annotation_started_at,annotation_finished_at,annotation_minutes
ES2003a,ES2003a-A001,write up and distribute a summary of the meeting,Project Manager,,,"I'll get in, I'll write up what we've um kind of quickly done, and I'll get that out to everybody.",ES2003a-T0102,self_commitment,Initial human label; formatting normalised after review. The student confirmed a 23-minute annotation session. Retained after post-lock official-summary audit.,adjudicated_gold,2026-09-26T10:00:00,2026-09-26T10:23:00,23
ES2003a,ES2003a-A002,decide the basic functionality and how the user interface will work,Team,"within thirty minutes, before the next meeting",,"we've got thirty minutes until the next meeting, so we'll have to try and decide on some of the basic functionality, um, how the user interface might work",ES2003a-T0082,explicit,Added after the locked-label audit; the official action summary and transcript evidence agree.,adjudicated_gold,2026-09-26T10:00:00,2026-09-26T10:23:00,23
ES2003b,ES2003b-A001,"give you the frequency, what people what options people use most often",Marketing Expert,,,"Well I can give you the frequency, what people what options people use most often, I guess that's gonna be important in the ts defining the the software side of the interface, right.",ES2003b-T0216,self_commitment,First person self-commitment to provide data Retained after post-lock official-summary audit.,adjudicated_gold,2026-09-26T10:24:00,2026-09-26T10:39:00,15
ES2003c,ES2003c-A001,write up the meeting notes and project materials,Project Manager,,,I'm I'd better start writing up a hell of a lot of crap.,ES2003c-T0259,self_commitment,Explicit first-person commitment; the informal wording clearly commits the Project Manager to writing up the meeting materials. Retained after post-lock official-summary audit.,adjudicated_gold,2026-09-26T14:00:00,2026-09-26T14:07:00,7
ES2003c,ES2003c-A002,plan how the product will be evaluated once a prototype is available,Marketing Expert,for the next meeting,,"Okay. Um got product evaluation as well. Um. || Yeah, you see I don't some of these things kinda logically follow the others. How can t product evaluation, doesn't that come after actually seen a product prototype. || I I think we'd be yeah, no, it'd be more a case of how do we envisage us performing the product evaluation once we have a model to test with. || Oh, that's the okay, sure sure sure. || International would make sense. Um you're gonna look at product evaluation.",ES2003c-T0216|ES2003c-T0217|ES2003c-T0218|ES2003c-T0219|ES2003c-T0259,explicit,"Retained after transcript review. The exchange defines product evaluation as planning how the prototype will be evaluated, and the Project Manager assigns it to the Marketing Expert.",adjudicated_gold,2026-09-26T14:00:00,2026-09-26T14:07:00,7
ES2003c,ES2003c-A003,work together on a clay prototype,Industrial Designer; User Interface Designer,for the next meeting,,"you've got yourself and the Industrial Designer gonna be working quite closely at this stage'cause it'll be hard not to, obviously. || looking from prototyping of some des description using clay. || Um looks like we're gonna need a maybe a kind of prototype in clay. Uh we'll see how that goes.",ES2003c-T0210|ES2003c-T0211|ES2003c-T0259,explicit,Retained after transcript review. The Project Manager identifies joint work by the User Interface Designer and Industrial Designer and explicitly mentions a clay prototype.,adjudicated_gold,2026-09-26T14:00:00,2026-09-26T14:07:00,7
ES2004a,ES2004a-A001,continue individual role-specific work before the next meeting,Team,before the next meeting in half an hour,,"we've got half an hour before the next meeting, so we're all gonna go off and do our individual things.",ES2004a-T0222,explicit,"Retained as a general team follow-up. The transcript independently supports individual role work before the next meeting, but not a more specific functional-design deliverable.",adjudicated_gold,,,
ES2004b,ES2004b-A001,look into the company logo and incorporate it into the product design,User Interface Designer,,,"Can you look into the company logo? Um, things that are associated with the company in view to trying to incorporate that into the design of the product.",ES2004b-T0352,explicit,Direct assignment to the User Interface Designer; the speaker role is identified from the surrounding exchange. Retained after post-lock official-summary audit.,adjudicated_gold,2026-09-26T14:17:00,2026-09-26T14:56:00,39
ES2004b,ES2004b-A002,research usability issues associated with instruction manuals,Marketing Expert,before the next meeting,,"Okay. What would you specifically like marketing to look at before the next meeting? Or shall I just sort of generally look at all the issues involved? || I think you might get guidance, but um I th Instruction manuals,'cause there tends to be a || demonised thing, u um, they're everyone's got like a big pile of them, but no one really uses them. || Okay.",ES2004b-T0408|ES2004b-T0411|ES2004b-T0413|ES2004b-T0414,explicit,"Replaces the non-actionable email-availability note: the Marketing Expert asks for work, receives an instruction-manual research assignment, and accepts it. Retained after post-lock official-summary audit.",adjudicated_gold,2026-09-26T14:17:00,2026-09-26T14:56:00,39
ES2004c,ES2004c-A001,find out more about the cost of voice recognition,Team,afterwards,,But I think we'll find out more about cost afterwards.,ES2004c-T0444,implicit_task,The surrounding discussion concerns the cost of voice recognition; plural 'we' makes this a team-level future task rather than an individual assignment. Retained after post-lock official-summary audit.,adjudicated_gold,2026-09-26T15:00:00,2026-09-26T15:19:00,19
ES2004c,ES2004c-A002,look into rechargeable-battery options,Industrial Designer,,,You were going to look into the rechargeable batteries || Yeah.,ES2004c-T0025|ES2004c-T0026,explicit,Carry-over assignment confirmed at the meeting opening; the Industrial Designer accepts the reminder. Retained after post-lock official-summary audit.,adjudicated_gold,2026-09-26T15:00:00,2026-09-26T15:19:00,19
ES2004d,ES2004d-A001,include in the team recommendations that voice recognition could be offered as an upgraded or business-class option,Team,,,"We can put in our recommendations. If we if we're working to head office specifications as this is what this project team's working for, we can put in our recommendations for what we've we've found and what we the consensus that we've come to as a result of the meetings. But we need to work to that specification to start with. And I think the voice recognition sounds wonderful, but our object is so distinctive that that in itself is gonna make it easier to locate as a f you know in a first instance. Um as you say, we can offer the voice recognition initially to business class customers and so || And then say we recommend",ES2004d-T0383|ES2004d-T0393,implicit_task,Retained as an implicit team action. The transcript supports adding the agreed voice-recognition option to the team recommendations; it does not explicitly state a separate submission to management.,adjudicated_gold,,,
ES2014a,ES2014a-A001,write up the meeting minutes for the next meeting,Project Manager,for the next meeting,,And I guess I'll try and write up some minutes of uh this meeting to uh to give it to you for the next meeting.,ES2014a-T0133,self_commitment,Corrected the evidence ID to the Project Manager's actual first-person commitment. Retained after post-lock official-summary audit.,adjudicated_gold,2026-09-26T15:34:00,2026-09-26T15:49:00,15
ES2014a,ES2014a-A002,prepare the working design,Industrial Designer,within the next thirty minutes,,"Right. Sorry about that. Okay, so we've got um the working design || for I_D_.",ES2014a-T0131|ES2014a-T0133,explicit,Official-only item recovered during adjudication.,adjudicated_gold,2026-09-26T15:34:00,2026-09-26T15:49:00,15
ES2014a,ES2014a-A003,prepare the technical-functions design,User Interface Designer,within the next thirty minutes,,For U_I_D_ the technical functions design.,ES2014a-T0133,explicit,Task wording aligned with the transcript; the turn assigns the technical-functions design rather than explicitly saying 'research'.,adjudicated_gold,2026-09-26T15:34:00,2026-09-26T15:49:00,15
ES2014a,ES2014a-A004,prepare the user requirement specification,Marketing Expert,within the next thirty minutes,,"Marketing, the user requirement specification.",ES2014a-T0133,explicit,Official-only item recovered during adjudication.,adjudicated_gold,2026-09-26T15:34:00,2026-09-26T15:49:00,15
ES2014b,ES2014b-A001,write the minutes of the meeting,Project Manager,in forty minutes,,"Okay. Right so I'll do the minutes of uh this meeting. And we'll meet back at I'm not sure. Um forty minutes, I believe is the time.",ES2014b-T0399,self_commitment,The Project Manager commits to the minutes; the spoken relative interval is retained without calendar-time normalization. Retained after post-lock official-summary audit.,adjudicated_gold,2026-09-26T15:50:00,2026-09-26T15:56:00,6
ES2014b,ES2014b-A002,investigate unresolved audio and Dolby controls and report back at the next meeting,Team,at the next meeting in about forty minutes,,"Maybe if we're gonna run out of time, one of us should come up with a list of these and then get back at the next meeting just at the start and say what they're gonna be. || there's quite a lot of like Dolby surround studio, surround sort of things. || Oh no, I mean um like there's kind of individual buttons for them, like on the T_V_ remote. But I don't really know what they're for, I've never used them. I just know they're something to do with Dolby. || Well you might get some research. || Well shall we look into that and just get back together.",ES2014b-T0362|ES2014b-T0384|ES2014b-T0392|ES2014b-T0397|ES2014b-T0398,implicit_task,"Retained as an implicit team task. The unresolved audio and Dolby controls are identified in context, and no individual accepts sole ownership.",adjudicated_gold,2026-09-26T15:50:00,2026-09-26T15:56:00,6
ES2014c,ES2014c-A001,look into whether speech recognition requires an advanced circuit board,Industrial Designer,,,"Um i it kind of depends um if we're gonna have the speech recognition, we'd have to probably get an advanced one. I'm guessing. Uh but I don't know, so that is something I'll have to look into.",ES2014c-T0032,self_commitment,First-person commitment by the Industrial Designer; the task object is supplied in the same turn. Retained after post-lock official-summary audit.,adjudicated_gold,2026-09-26T15:57:00,2026-09-26T16:27:00,30
ES2014c,ES2014c-A002,build the physical prototype using plasticine,Industrial Designer; User Interface Designer,,,We should now go away and get these things sorted out. I guess you two are on plasticine duty or whatever.,ES2014c-T0441,explicit,"Joint assignment to the two designers, identified from the participants addressed in the surrounding discussion. Retained after post-lock official-summary audit.",adjudicated_gold,2026-09-26T15:57:00,2026-09-26T16:27:00,30
ES2014d,ES2014d-A001,complete the two final questionnaires and the report on the last meeting,Team,before finishing,,"Right, so, uh are the costs within budget, yes. Is the project evaluated, yes. Uh, don't forget to complete final questionnaire and meeting summary. Then celebration. || Hmm? I think that we've got two questionnaires and a report on the last meeting.",ES2014d-T0637|ES2014d-T0640,explicit,No original manual row existed; added after official-summary and transcript review.,adjudicated_gold,,,
IS1009a,IS1009a-A001,try out the whiteboard,Marketing Expert,,,"Does anybody want to go and see how the white board works? So that in case we have to, in the next meeting, present something on the white board. || You wanna go Eileen and || Okay, I'll see what I can do.",IS1009a-T0037|IS1009a-T0038|IS1009a-T0039,explicit,Immediate tool-training task: the Project Manager addresses Eileen and the Marketing Expert accepts. Retained after post-lock official-summary audit.,adjudicated_gold,2026-09-26T16:30:00,2026-09-26T16:47:00,17
IS1009a,IS1009a-A002,prepare the working design,Industrial Designer,before the next meeting in thirty minutes,,"The working design, I guess that's the function I_D_ uh who is this? The industrial designer That's you. || Okay. So, we looking for a working design when we come back.",IS1009a-T0149|IS1009a-T0153,explicit,Official-only item recovered during adjudication.,adjudicated_gold,2026-09-26T16:30:00,2026-09-26T16:47:00,17
IS1009a,IS1009a-A003,prepare the functional and technical-functions design,User Interface Designer,before the next meeting in thirty minutes,,"Then And then the technical funct you are the technical function, so so you are the working design. So you have a working design and then a functional design.",IS1009a-T0155,explicit,Task wording aligned with the Project Manager's direct assignment of the functional and technical-functions design to the User Interface Designer.,adjudicated_gold,2026-09-26T16:30:00,2026-09-26T16:47:00,17
IS1009a,IS1009a-A004,prepare user requirement specifications including friendliness and price,Marketing Expert,before the next meeting in thirty minutes,,"And the marketing manager is coming up with some user requirement specification, like friendliness, and what we just discussed in general. That would be your idea. And, of course, price.",IS1009a-T0155,explicit,Official-only item recovered during adjudication.,adjudicated_gold,2026-09-26T16:30:00,2026-09-26T16:47:00,17
IS1009c,IS1009c-A001,prepare the look-and-feel design,Industrial Designer,before the next meeting in thirty minutes,,"Okay. Uh our next meeting will be in thirty minutes, and the uh I_D_ is to this is the individual actions to be taken until then, to have the look and feel design,",IS1009c-T0238,explicit,Direct role assignment; the relative thirty-minute interval is retained without calendar-time normalization. Retained after post-lock official-summary audit.,adjudicated_gold,2026-09-26T16:50:00,2026-09-26T17:48:00,58
IS1009c,IS1009c-A002,prepare the user-interface design,User Interface Designer,before the next meeting in thirty minutes,,"and uh the U_I_D_ is supposed to uh come up with the user interface design,",IS1009c-T0239,explicit,Direct role assignment; the deadline is inherited from the immediately preceding turn. Retained after post-lock official-summary audit.,adjudicated_gold,2026-09-26T16:50:00,2026-09-26T17:48:00,58
IS1009c,IS1009c-A003,work on the product evaluation,Marketing Expert,before the next meeting in thirty minutes,,and the marketing expert with the product evaluation.,IS1009c-T0241,explicit,Direct role assignment; the deadline is inherited from the immediately preceding turn. Retained after post-lock official-summary audit.,adjudicated_gold,2026-09-26T16:50:00,2026-09-26T17:48:00,58
IS1009c,IS1009c-A004,build a prototype together using modelling clay,Industrial Designer; User Interface Designer,before the next meeting in thirty minutes,,"In this phase, the two of you, Jana and Francine, have to work together on a prototype using modelling clay, it says here.",IS1009c-T0241,explicit,Direct joint assignment to the Industrial Designer and User Interface Designer. Retained after post-lock official-summary audit.,adjudicated_gold,2026-09-26T16:50:00,2026-09-26T17:48:00,58
TS3003a,TS3003a-A001,put the meeting minutes in the project folder,Project Manager,,,I will put the minutes from this meeting uh in our project folder.,TS3003a-T0192,self_commitment,Explicit first-person commitment by the Project Manager. Retained after post-lock official-summary audit.,adjudicated_gold,2026-09-26T17:50:00,2026-09-26T18:09:00,19
TS3003a,TS3003a-A002,work on the individual role projects,Team,before the next meeting in about half an hour,,"And we can all work uh on our own projects. || Okay then I'll meet you in about a half an hour, I think.",TS3003a-T0210|TS3003a-T0212,explicit,Official-only item recovered during adjudication.,adjudicated_gold,2026-09-26T17:50:00,2026-09-26T18:09:00,19
TS3003b,TS3003b-A001,take the minutes and put them in the project document folder,Project Manager,,,Uh this time I will take the minutes. || Uh okay. I will put the minutes in the project uh project document folder.,TS3003b-T0007|TS3003b-T0309,self_commitment,Two mentions of the same deliverable are merged: taking the minutes and placing them in the project folder. Retained after post-lock official-summary audit.,adjudicated_gold,2026-09-26T18:10:00,2026-09-26T19:00:00,50
TS3003b,TS3003b-A002,prepare the components concept,Industrial Designer,for the next meeting,,what we're going to do for the next meeting is the Industrial Designer will do the components concept,TS3003b-T0309,explicit,Direct role assignment with an explicit next-meeting deadline. Retained after post-lock official-summary audit.,adjudicated_gold,2026-09-26T18:10:00,2026-09-26T19:00:00,50
TS3003b,TS3003b-A003,prepare the user-interface concept and trend-watching analysis,User Interface Designer,for the next meeting,,"User Interface Designer the user interface concept, and the trend-watching.",TS3003b-T0309,explicit,"The original row omitted trend-watching, which is assigned in the same clause. Retained after post-lock official-summary audit.",adjudicated_gold,2026-09-26T18:10:00,2026-09-26T19:00:00,50
TS3003b,TS3003b-A004,look further into the sixty-to-eighty target group,Marketing Expert,,,But I'd have to look into that a little more.,TS3003b-T0285,self_commitment,The preceding discussion identifies 'that' as the sixty-to-eighty target group. Retained after post-lock official-summary audit.,adjudicated_gold,2026-09-26T18:10:00,2026-09-26T19:00:00,50
TS3003c,TS3003c-A001,ask the manufacturing department about voice-recognition pricing,Industrial Designer,,,Mm I don't have any information on pricing. So I'll have to ask the manufacturing department.,TS3003c-T0073,self_commitment,The surrounding discussion concerns the production cost of voice recognition. Retained after post-lock official-summary audit.,adjudicated_gold,2026-09-26T19:04:00,2026-09-26T19:40:00,36
TS3003c,TS3003c-A002,put the meeting minutes in the folder,Project Manager,,,So just um I will put these um minutes on the in the folder.,TS3003c-T0300,self_commitment,Corrected the evidence ID to the turn containing the Project Manager's commitment. Retained after post-lock official-summary audit.,adjudicated_gold,2026-09-26T19:04:00,2026-09-26T19:40:00,36
TS3003c,TS3003c-A003,work together on the look-and-feel and user-interface design,Industrial Designer; User Interface Designer,for the next meeting,,"So now for the next meeting uh we'll have to look at the look-and-feel design. It's important that the corporate design image uh is going to be in the remote. So check out the corporate website maybe. The user interface design, it's the same story. And product evaluation. So the Industrial Designer and User Interface Designer are going to work together on this one.",TS3003c-T0300,explicit,"The joint design assignment remains explicit. The optional corporate-website check is treated as supporting guidance within this action, not as a separate action item.",adjudicated_gold,2026-09-26T19:04:00,2026-09-26T19:40:00,36
TS3003d,TS3003d-A001,prepare and show the final project presentation,Project Manager,in about ten minutes,,I think I'm going to make our final presentation now. || And then I will be back in about ten minutes to show you the final presentation.,TS3003d-T0623|TS3003d-T0625,self_commitment,The Project Manager explicitly commits to preparing and presenting the final project summary; the relative deadline is not normalised. Retained after post-lock official-summary audit.,adjudicated_gold,2026-09-26T19:42:00,2026-09-26T20:05:00,23
TS3003d,TS3003d-A002,fill in the questionnaire,Team,in about ten minutes,,"Uh maybe we have to fill uh another questionnaire. So uh || Yeah. Questionnaire. I think you all get a questionnaire in in your room. And then I'll meet you in I think about ten minutes, or something. Okay. Thank you.",TS3003d-T0630|TS3003d-T0631,implicit_task,The questionnaire task and ten-minute window are established jointly across two turns; the exact calendar time is unavailable. Retained after post-lock official-summary audit.,adjudicated_gold,2026-09-26T19:42:00,2026-09-26T20:05:00,23
TS3007a,TS3007a-A001,look at the working design,Industrial Designer,before the next meeting in thirty minutes,,"Okay, uh next meeting will start in thirty minutes. So uh you uh will have uh individual actions where I presume uh will be some feedback, uh via the m the mail. Um the the the Industrial uh Designer has to uh look at the working design. Uh the User Interface Designer has to look at the technical functions. So that's the thing we uh discussed. Yeah?",TS3007a-T0282,explicit,Direct role assignment; the spoken relative interval is retained without calendar-time normalisation. Retained after post-lock official-summary audit.,adjudicated_gold,2026-09-26T20:07:00,2026-09-26T20:49:00,42
TS3007a,TS3007a-A002,look at the technical functions,User Interface Designer,before the next meeting in thirty minutes,,"Okay, uh next meeting will start in thirty minutes. So uh you uh will have uh individual actions where I presume uh will be some feedback, uh via the m the mail. Um the the the Industrial uh Designer has to uh look at the working design. Uh the User Interface Designer has to look at the technical functions. So that's the thing we uh discussed. Yeah?",TS3007a-T0282,explicit,Direct role assignment; the spoken relative interval is retained without calendar-time normalisation. Retained after post-lock official-summary audit.,adjudicated_gold,2026-09-26T20:07:00,2026-09-26T20:49:00,42
TS3007a,TS3007a-A003,identify the most important product requirements from each role's perspective,Team,the next meeting,,Okay. So uh each individually i individually uh must think on what's uh at uh his point of view is the most important. And uh then we're going to fit uh all the pieces together the next meeting.,TS3007a-T0324,explicit,"Explicit group obligation, with each participant asked to prepare an individual view for the next meeting. Retained after post-lock official-summary audit.",adjudicated_gold,2026-09-26T20:07:00,2026-09-26T20:49:00,42
TS3007b,TS3007b-A001,take the minutes and put them in the shared folder,Project Manager,at the end of the session,,I will uh take minutes and will put uh the minutes that I have uh at the end of the session in the shared folder.,TS3007b-T0011,self_commitment,Explicit first-person commitment with a relative session deadline. Retained after post-lock official-summary audit.,adjudicated_gold,2026-09-26T20:50:00,2026-09-26T21:17:00,27
TS3007b,TS3007b-A002,fill out the questionnaire,Team,after lunch,,"The questionnaire, fill in uh we fill out d after lunch or uh || Uh well, it's it's simply filling oh no, it's uh it's also filling out no, I'd do it after lunch I think. I'm hungry, so do it after lunch. Thank you all.",TS3007b-T0393|TS3007b-T0394,explicit,The group asks when to complete the questionnaire and the Project Manager assigns it for after lunch. Retained after post-lock official-summary audit.,adjudicated_gold,2026-09-26T20:50:00,2026-09-26T21:17:00,27
TS3007c,TS3007c-A001,take notes and put the meeting minutes in the shared folder,Project Manager,at the end,,"At the end, uh I will take notes uh and at the end of the minutes uh will uh be at the shared folder.",TS3007c-T0025,self_commitment,Explicit first-person commitment; the phrasing is disfluent but clearly assigns the notes and shared-folder minutes to the Project Manager. Retained after post-lock official-summary audit.,adjudicated_gold,2026-09-26T21:19:00,2026-09-26T22:20:00,61
TS3007c,TS3007c-A002,consult the legal advisor about the parental-control approach,Marketing Expert,,,Ah I have to uh consult my legal advisor about it.,TS3007c-T0404,self_commitment,The preceding discussion concerns how the proposed parental-control feature would work. Retained after post-lock official-summary audit.,adjudicated_gold,2026-09-26T21:19:00,2026-09-26T22:20:00,61
TS3007c,TS3007c-A003,work together on a prototype and draw it on the SMARTboard,Industrial Designer; User Interface Designer,before the next session in thirty minutes,,"Uh, very special, uh next uh session. Uh idea that you uh the the industrial uh development uh centre and uh user interface uh will work together on a prototype. And uh will drawing it on the SMARTboard.",TS3007c-T0469,explicit,Direct joint assignment; the relative thirty-minute interval is not normalised. Retained after post-lock official-summary audit.,adjudicated_gold,2026-09-26T21:19:00,2026-09-26T22:20:00,61
TS3007c,TS3007c-A004,work on the product evaluation,Marketing Expert,before the next session in thirty minutes,,"And um, the marketing expert will uh will uh ke he will be keeping busy with the product uh evaluation.",TS3007c-T0469,explicit,Direct role assignment; the relative thirty-minute interval is supplied by the surrounding turn and is not normalised. Retained after post-lock official-summary audit.,adjudicated_gold,2026-09-26T21:19:00,2026-09-26T22:20:00,61
TS3007d,TS3007d-A001,take the meeting minutes,Project Manager,,,"Um, once again I'm uh gonna take minutes.",TS3007d-T0001,self_commitment,Explicit first-person commitment made while introducing the meeting agenda. Retained after post-lock official-summary audit.,adjudicated_gold,2026-09-26T22:21:00,2026-09-26T23:01:00,40
TS3007d,TS3007d-A002,finish the final report,Project Manager,,,I'm going to finish my end report.,TS3007d-T0876,self_commitment,Explicit first-person commitment at the close of the meeting. Retained after post-lock official-summary audit.,adjudicated_gold,2026-09-26T22:21:00,2026-09-26T23:01:00,40
