split,official_partition,meeting_id,series_id,transcribed_word_elements,official_action_sentences,manual_transcript,abstract_summary,selection_status
development,SB,ES2003a,ES2003,2387,1,yes,yes,locked
development,SB,ES2003b,ES2003,6542,0,yes,yes,locked
development,SB,ES2003c,ES2003,6778,2,yes,yes,locked
test,SC,ES2004a,ES2004,3135,1,yes,yes,locked
test,SC,ES2004b,ES2004,7681,1,yes,yes,locked
test,SC,ES2004c,ES2004,7850,0,yes,yes,locked
test,SC,ES2004d,ES2004,7337,2,yes,yes,locked
test,SC,ES2014a,ES2014,2522,3,yes,yes,locked
test,SC,ES2014b,ES2014,6935,1,yes,yes,locked
test,SC,ES2014c,ES2014,7330,1,yes,yes,locked
test,SC,ES2014d,ES2014,9058,1,yes,yes,locked
test,SC,IS1009a,IS1009,2393,3,yes,yes,locked
test,SC,IS1009b,IS1009,6831,0,yes,yes,locked
test,SC,IS1009c,IS1009,5161,4,yes,yes,locked
test,SC,IS1009d,IS1009,5586,0,yes,yes,locked
test,SC,TS3003a,TS3003,3014,1,yes,yes,locked
test,SC,TS3003b,TS3003,5481,2,yes,yes,locked
test,SC,TS3003c,TS3003,5245,3,yes,yes,locked
test,SC,TS3003d,TS3003,6419,1,yes,yes,locked
test,SC,TS3007a,TS3007,4069,2,yes,yes,locked
test,SC,TS3007b,TS3007,7648,2,yes,yes,locked
test,SC,TS3007c,TS3007,8412,1,yes,yes,locked
test,SC,TS3007d,TS3007,9713,1,yes,yes,locked
